{
    "type": "origins:active_self",
    "entity_action": {
        "type": "origins:and",
        "actions": [
            {
                "type": "origins:execute_command",
                "command": "/spreadplayers ~ ~ 10 90 true @s"
            },
            {
                "type": "origins:delay",
                "ticks": 1,
                "action":{
                    "type": "origins:execute_command",
                "command": "/spreadplayers ~ ~ 10 90 true @s"
                }
            },
            {
                "type": "origins:delay",
                "ticks": 2,
                "action":{
                    "type": "origins:execute_command",
                "command": "/spreadplayers ~ ~ 10 90 true @s"
                }
            },
            {
                "type": "origins:delay",
                "ticks": 3,
                "action":{
                    "type": "origins:execute_command",
                "command": "/spreadplayers ~ ~ 10 90 true @s"
                }
            },
            {
                "type": "origins:delay",
                "ticks": 4,
                "action":{
                    "type": "origins:execute_command",
                "command": "/spreadplayers ~ ~ 10 90 true @s"
                }
            },
            {
                "type": "origins:delay",
                "ticks": 5,
                "action":{
                    "type": "origins:execute_command",
                "command": "/spreadplayers ~ ~ 10 90 true @s"
                }
            },
            {
                "type": "origins:delay",
                "ticks": 6,
                "action":{
                    "type": "origins:execute_command",
                "command": "/spreadplayers ~ ~ 10 90 true @s"
                }
            },
            {
                "type": "origins:delay",
                "ticks": 7,
                "action":{
                    "type": "origins:execute_command",
                "command": "/spreadplayers ~ ~ 10 90 true @s"
                }
            }
        ]},

    "key":{
        "key": "key.origins.duodenary_active",
        "continous": true
    },
    "name": "Avatar burst",
    "description": "Rage of a shooting star"
    

}