{
    "type": "origins:active_self",
    "entity_action": {
        "type": "origins:and",
        "actions": [
            {
                "type": "origins:execute_command",
                "command": "/execute at @s run particle minecraft:sonic_boom ^ ^1.52 ^1"
            },
            {
                "type": "origins:execute_command",
                "command": "/execute at @s run particle minecraft:sonic_boom ^ ^1.52 ^2"
            },
            {
                "type": "origins:execute_command",
                "command": "/execute at @s run particle minecraft:sonic_boom ^ ^1.52 ^3"
            },
            {
                "type": "origins:execute_command",
                "command": "/execute at @s run particle minecraft:sonic_boom ^ ^1.52 ^4"
            },
            {
                "type": "origins:execute_command",
                "command": "/execute at @s run particle minecraft:sonic_boom ^ ^1.52 ^5"
            },
            {
                "type": "origins:execute_command",
                "command": "/execute at @s run particle minecraft:sonic_boom ^ ^1.52 ^6"
            },
            {
                "type": "origins:execute_command",
                "command": "/execute at @s run particle minecraft:sonic_boom ^ ^1.52 ^7"
            },
            {
                "type": "origins:execute_command",
                "command": "/execute at @s run particle minecraft:sonic_boom ^ ^1.52 ^8"
            },
            {
                "type": "origins:execute_command",
                "command": "/execute at @s run particle minecraft:sonic_boom ^ ^1.52 ^9"
            },
            {
                "type": "origins:execute_command",
                "command": "/execute at @s run particle minecraft:sonic_boom ^ ^1.52 ^10"
            },
            {
                "type":"origins:execute_command",
                "command": "execute as @s at @s run function example:load"
            }
        ]},

    "key":{
        "key": "key.origins.secondary_active",
        "continous": false
    },
    "name": "C cannon",
    "description": "teleport your hand forward"
    

}