{
    "type": "origins:active_self",
    "entity_action": {
        "type": "origins:and",
        "actions": [
            {
                "type": "origins:execute_command",
                "command": "/execute as @s tag @s add crage"
            },
            {
                "type": "origins:execute_command",
                "command": "/effect give @e[distance=..10,tag=!crage] minecraft:instant_damage 1 0"
            },
            {
                "type": "origins:execute_command",
                "command": "/execute as @s tag @s remove crage "
            }
        ]},

    "key":{
        "key": "key.origins.decenary_active",
        "continous": true
    },
    "name": "C Rage",
    "description": "Summon god's angry hand"
    

}