{
		"type": "origins:active_self",
		"entity_action": {
			"type": "origins:and",
			"actions": [
				{
					"type": "origins:execute_command",
					"command": "/execute as @s rotated ~ 0 run tp ^ ^ ^5"
				},
				{
					"type": "origins:execute_command",
					"command": "/execute as @s facing ^ ^ ^-1 run tp ~ ~ ~"
				}
			]},

		"key":{
			"key": "key.origins.primary_active",
			"continous": true
		},
		"name": "C step",
		"description": "dash forward at the speed of light"
		
	
}